Country,NumberofDeath_YR2000,NumberofDeath_YR2005,NumberofDeath_YR2010,NumberofDeath_YR2015
Afghanistan,100,200,500,500
Albania,100,100,100,100
Algeria,200,500,500,200
Andorra,,,,
Angola,3900,7600,9400,11000
Antigua and Barbuda,,,,
Argentina,2200,2000,2000,2400
Armenia,100,200,200,200
Australia,1000,500,1000,500
Austria,,,,
Azerbaijan,100,200,500,500
Bahamas,,,,
Bahrain,100,100,100,100
Bangladesh,100,500,1000,1000
Barbados,100,100,100,100
Belarus,100,100,200,200
Belgium,,,,
Belize,100,100,100,200
Benin,2500,4100,2400,2400
Bhutan,,,,
Bolivia (Plurinational State of),500,1000,1100,1000
Bosnia and Herzegovina,,,,
Botswana,15000,13000,5800,3900
Brazil,15000,14000,14000,14000
Brunei Darussalam,,,,
Bulgaria,100,100,100,200
Burkina Faso,14000,11000,5700,3100
Burundi,5800,8700,6400,2900
C��te d'Ivoire,44000,43000,29000,25000
Cabo Verde,200,200,200,100
Cambodia,7400,7600,2600,1800
Cameroon,18000,28000,27000,29000
Canada,,,,
Central African Republic,13000,14000,9500,7300
Chad,4900,6900,3600,2800
Chile,,,,
China,,,,
Colombia,5100,6300,6600,2800
Comoros,100,100,100,100
Congo,6100,6000,3700,3800
Cook Islands,,,,
Costa Rica,200,200,200,500
Croatia,,,,
Cuba,200,100,200,200
Cyprus,,,,
Czechia,100,100,100,100
Democratic People's Republic of Korea,,,,
Democratic Republic of the Congo,35000,40000,35000,19000
Denmark,,,,
Djibouti,500,1000,1000,1000
Dominica,,,,
Dominican Republic,5600,7400,4400,2200
Ecuador,1200,1400,1000,1000
Egypt,100,200,500,500
El Salvador,1000,1000,1000,1000
Equatorial Guinea,1000,1000,1100,1000
Eritrea,1000,1700,1000,1000
Estonia,,,,
Ethiopia,76000,85000,39000,20000
Fiji,100,100,100,100
Finland,,,,
France,1500,1000,1000,1000
Gabon,2300,3200,2900,1500
Gambia,500,1000,1100,1100
Georgia,100,200,500,500
Germany,,,,
Ghana,29000,34000,25000,15000
Greece,,,,
Grenada,,,,
Guatemala,500,1000,1000,1600
Guinea,5800,7000,5200,5800
Guinea-Bissau,1000,1700,2300,2000
Guyana,200,200,100,200
Haiti,12000,11000,6100,4600
Honduras,2300,2000,1300,1000
Hungary,,,,
Iceland,,,,
India,82000,150000,120000,62000
Indonesia,1600,8800,23000,38000
Iran (Islamic Republic of),1000,1700,3300,4000
Iraq,,,,
Ireland,,,,
Israel,,,,
Italy,,,,
Jamaica,1700,2100,1400,1300
Japan,,,,
Jordan,100,100,100,100
Kazakhstan,200,500,1000,1000
Kenya,120000,130000,64000,36000
Kiribati,,,,
Kuwait,100,100,100,100
Kyrgyzstan,100,200,200,500
Lao People's Democratic Republic,100,200,500,500
Latvia,500,500,500,500
Lebanon,100,100,100,100
Lesotho,8900,15000,8500,9900
Liberia,4500,4900,3900,2800
Libya,,,,
Lithuania,100,100,200,200
Luxembourg,100,100,100,100
Madagascar,1000,1100,1400,1600
Malawi,63000,73000,45000,24000
Malaysia,7700,8400,8500,7000
Maldives,,,,
Mali,5800,6900,5500,6100
Malta,100,100,100,100
Marshall Islands,,,,
Mauritania,500,1000,1000,1000
Mauritius,,,,
Mexico,6400,5700,5400,4200
Micronesia (Federated States of),,,,
Monaco,,,,
Mongolia,100,100,100,100
Montenegro,100,100,100,100
Morocco,500,500,1000,1000
Mozambique,42000,78000,81000,62000
Myanmar,8300,16000,16000,7800
Namibia,7600,11000,4800,4300
Nauru,,,,
Nepal,1000,2300,2500,1700
Netherlands,200,200,200,200
New Zealand,,,,
Nicaragua,500,1000,1000,500
Niger,3200,4900,4000,3400
Nigeria,140000,200000,200000,160000
Niue,,,,
Norway,,,,
Oman,,,,
Pakistan,100,100,1300,5500
Palau,,,,
Panama,500,1000,500,1000
Papua New Guinea,1000,1900,1700,1100
Paraguay,500,1000,500,1000
Peru,5800,5200,2900,2200
Philippines,100,100,200,1000
Poland,,,,
Portugal,,,,
Qatar,100,100,100,100
Republic of Korea,,,,
Republic of Moldova,200,500,500,500
Romania,1000,200,200,200
Russian Federation,,,,
Rwanda,13000,15000,5600,3300
Saint Kitts and Nevis,,,,
Saint Lucia,,,,
Saint Vincent and the Grenadines,,,,
Samoa,,,,
San Marino,,,,
Sao Tome and Principe,,,,
Saudi Arabia,100,100,200,500
Senegal,1400,2500,1500,1900
Serbia,100,100,100,100
Seychelles,,,,
Sierra Leone,1200,2200,2600,2800
Singapore,,,,
Slovakia,100,100,100,100
Slovenia,100,100,100,100
Solomon Islands,,,,
Somalia,1100,1800,2000,1700
South Africa,130000,270000,210000,110000
South Sudan,2700,8100,13000,13000
Spain,,,,
Sri Lanka,100,100,100,200
Sudan,1000,1200,1700,3000
Suriname,200,500,200,200
Swaziland,7000,10000,6500,3900
Sweden,500,500,200,100
Switzerland,,,,
Syrian Arab Republic,,,,
Tajikistan,100,200,500,1000
Thailand,51000,42000,23000,16000
The former Yugoslav republic of Macedonia,100,100,100,100
Timor-Leste,,,,
Togo,6000,8500,7600,5100
Tonga,,,,
Trinidad and Tobago,500,500,500,500
Tunisia,100,100,100,100
Turkey,,,,
Turkmenistan,,,,
Tuvalu,,,,
Uganda,100000,84000,63000,28000
Ukraine,5000,11000,12000,8500
United Arab Emirates,,,,
United Kingdom of Great Britain and Northern Ireland,,,,
United Republic of Tanzania,100000,120000,71000,33000
United States of America,,,,
Uruguay,200,500,1000,500
Uzbekistan,,,,
Vanuatu,,,,
Venezuela (Bolivarian Republic of),1900,2200,2000,2500
Viet Nam,3300,10000,8600,8000
Yemen,200,500,500,500
Zambia,61000,64000,29000,21000
Zimbabwe,99000,100000,59000,30000