Country,NumberofNewInfections_2016
Afghanistan,1000
Albania,500
Algeria,1000
Andorra,
Angola,25000
Antigua and Barbuda,
Argentina,5500
Armenia,500
Australia,1100
Austria,
Azerbaijan,1000
Bahamas,
Bahrain,100
Bangladesh,1500
Barbados,200
Belarus,1800
Belgium,
Belize,500
Benin,3600
Bhutan,
Bolivia (Plurinational State of),1100
Bosnia and Herzegovina,
Botswana,10000
Brazil,48000
Brunei Darussalam,
Bulgaria,
Burkina Faso,3400
Burundi,2200
C̫te d'Ivoire,20000
Cabo Verde,
Cambodia,1000
Cameroon,32000
Canada,
Central African Republic,8700
Chad,4800
Chile,5000
China,
Colombia,5600
Comoros,100
Congo,7600
Cook Islands,
Costa Rica,1000
Croatia,
Cuba,3300
Cyprus,
Czechia,500
Democratic People's Republic of Korea,
Democratic Republic of the Congo,13000
Denmark,
Djibouti,500
Dominica,
Dominican Republic,2500
Ecuador,
Egypt,1600
El Salvador,1000
Equatorial Guinea,2300
Eritrea,1000
Estonia,
Ethiopia,30000
Fiji,
Finland,
France,6000
Gabon,1700
Gambia,1300
Georgia,1100
Germany,
Ghana,20000
Greece,
Grenada,
Guatemala,2900
Guinea,8300
Guinea-Bissau,1300
Guyana,1000
Haiti,7900
Honduras,1000
Hungary,
Iceland,
India,80000
Indonesia,48000
Iran (Islamic Republic of),5000
Iraq,
Ireland,500
Israel,
Italy,3600
Jamaica,
Japan,
Jordan,100
Kazakhstan,2900
Kenya,62000
Kiribati,
Kuwait,100
Kyrgyzstan,1000
Lao People's Democratic Republic,1000
Latvia,500
Lebanon,200
Lesotho,21000
Liberia,2900
Libya,
Lithuania,500
Luxembourg,200
Madagascar,4300
Malawi,36000
Malaysia,5700
Maldives,
Mali,5900
Malta,
Marshall Islands,
Mauritania,
Mauritius,
Mexico,12000
Micronesia (Federated States of),
Monaco,
Mongolia,100
Montenegro,100
Morocco,1000
Mozambique,83000
Myanmar,11000
Namibia,9600
Nauru,
Nepal,1000
Netherlands,500
New Zealand,
Nicaragua,500
Niger,1800
Nigeria,220000
Niue,
Norway,
Oman,
Pakistan,19000
Palau,
Panama,1300
Papua New Guinea,2800
Paraguay,1300
Peru,
Philippines,10000
Poland,
Portugal,
Qatar,100
Republic of Korea,
Republic of Moldova,1600
Romania,1000
Russian Federation,
Rwanda,7500
Saint Kitts and Nevis,
Saint Lucia,
Saint Vincent and the Grenadines,
Samoa,
San Marino,
Sao Tome and Principe,
Saudi Arabia,500
Senegal,1100
Serbia,500
Seychelles,
Sierra Leone,
Singapore,
Slovakia,200
Slovenia,100
Solomon Islands,
Somalia,1800
South Africa,270000
South Sudan,16000
Spain,3900
Sri Lanka,1000
Sudan,5000
Suriname,500
Swaziland,8800
Sweden,1000
Switzerland,
Syrian Arab Republic,
Tajikistan,1300
Thailand,6400
The former Yugoslav republic of Macedonia,100
Timor-Leste,
Togo,4100
Tonga,
Trinidad and Tobago,500
Tunisia,500
Turkey,
Turkmenistan,
Tuvalu,
Uganda,52000
Ukraine,17000
United Arab Emirates,
United Kingdom of Great Britain and Northern Ireland,
United Republic of Tanzania,55000
United States of America,
Uruguay,
Uzbekistan,
Vanuatu,
Venezuela (Bolivarian Republic of),6500
Viet Nam,11000
Yemen,1100
Zambia,59000
Zimbabwe,40000